,date,time,comp,round,day,venue,result,gf,ga,opponent,xga,attendance,captain,formation,referee,match report,notes,tkl,tklw,tkldef3rd,tklmid3rd,tklatt3rd,dritkl,drichall,tkl%,challlost,blocks,shblk,passblk,int,tkl+int,clr,err,sca,scalivepass,scadeadpass,scadri,scash,scafls,scadefac,gca,gcalivepass,gcadeadpass,gcadri,gcash,gcafls,gcadefac,sota,saves,save%,cs,psxg,psxg+/-,pkattag,pkconc,pksvag,pkmissag,laucmp,lauatt,laucmp%,passatt,throwsatt,passlaunch%,passavglen,gkatt,gklaunch%,gkavglen,crossesfaced,crossesstp,crossesstp%,defactionoutbox,avgdistofdefaction,yell,red,fouls,foulsdrawn,off,crosses,pkwon,pkcon,recov,aerialwon,aeriallost,aerialwon%,totpasscmp,totpassatt,totpasscmp%,totpassdist,prgpassdist,spasscmp,spasatt,spascmp%,mpascmp,mpasatt,mpascmp%,lpascmp,lpasatt,lpascmp%,ast,xag,xa,keypasses,passintofinal1/3,passdintobox,crsintobox,prgpass,livepass,deadpass,passesfk,tb,switch,cross,ti,ck,ckin,ckout,ckstraight,offpasses,blockedpasses,poss,touches,defboxtouches,def3rdtouches,mid3rdtouches,att3rdtouches,attboxtouches,live,atttakeons,succtakeons,succ%takeons,tkldintakeons,tkld%intakeons,carries,totdistcarried,prgdistcarried,prgcarries,carriesinto1/3,carriesintobox,miscontrols,dispossessed,passesrec,prgpassesrec,sh,sot,sot%,g/sh,g/sot,avgdistofsh,fk,pk,pkattfor,xg,npxg,npxg/sh,g-xg,np:g-xg
0,2022-07-30,17:00,Community Shield,FA Community Shield,Sat,Neutral,L,1.0,3.0,Liverpool,,,Rúben Dias,4-3-3,Craig Pawson,Match Report,,,11.0,,,,,,,,,,,14.0,0.0,,,,,,,,,,,,,,,,,3.0,1.0,33.3,,,,1.0,1.0,0.0,0.0,,,,,,,,,,,,,,,,1.0,0.0,8.0,12.0,3.0,14.0,,,,,,,,,,,,,,,,,,,,,0.0,,,,,,,,,,,,,14.0,,,,,,,,57.0,,,,,,,,,,,,,,,,,,,,,,,14.0,8.0,57.1,0.07,0.13,,,0.0,0.0,,,,,
1,2022-08-07,16:30,Premier League,Matchweek 1,Sun,Away,W,2.0,0.0,West Ham,0.5,62443.0,İlkay Gündoğan,4-3-3,Michael Oliver,Match Report,,6.0,4.0,4.0,1.0,1.0,6.0,7.0,85.7,1.0,7.0,3.0,4.0,3.0,9.0,11.0,0.0,27.0,23.0,1.0,0.0,1.0,2.0,0.0,4.0,3.0,0.0,0.0,0.0,1.0,0.0,1.0,1.0,100.0,1.0,0.1,0.1,0.0,0.0,0.0,0.0,1.0,4.0,25.0,38.0,5.0,10.5,25.0,5.0,0.0,19.4,11.0,1.0,9.1,3.0,21.8,1.0,0.0,4.0,8.0,1.0,18.0,1.0,0.0,47.0,11.0,10.0,52.4,792.0,869.0,91.1,12789.0,3979.0,415.0,430.0,96.5,302.0,319.0,94.7,59.0,85.0,69.4,1.0,1.3,1.6,11.0,52.0,9.0,0.0,51.0,836.0,32.0,10.0,1.0,9.0,18.0,12.0,4.0,3.0,0.0,0.0,1.0,4.0,75.0,936.0,55.0,227.0,484.0,234.0,35.0,935.0,26.0,14.0,53.8,11.0,42.3,580.0,3567.0,1841.0,31.0,26.0,8.0,7.0,3.0,783.0,49.0,13.0,1.0,7.7,0.08,1.0,18.7,1.0,1.0,1.0,2.2,1.4,0.11,-0.2,-0.4
2,2022-08-13,15:00,Premier League,Matchweek 2,Sat,Home,W,4.0,0.0,Bournemouth,0.1,53453.0,İlkay Gündoğan,4-2-3-1,David Coote,Match Report,,8.0,4.0,1.0,5.0,2.0,4.0,10.0,40.0,6.0,11.0,1.0,10.0,5.0,13.0,4.0,0.0,36.0,23.0,6.0,3.0,3.0,0.0,1.0,6.0,6.0,0.0,0.0,0.0,0.0,0.0,1.0,1.0,100.0,1.0,0.1,0.1,0.0,0.0,0.0,0.0,0.0,1.0,0.0,15.0,3.0,6.7,24.3,1.0,0.0,10.0,6.0,1.0,16.7,0.0,11.0,0.0,0.0,9.0,9.0,2.0,27.0,0.0,0.0,41.0,9.0,8.0,52.9,672.0,739.0,90.9,11744.0,3043.0,305.0,321.0,95.0,296.0,316.0,93.7,60.0,81.0,74.1,3.0,1.7,1.8,17.0,76.0,13.0,3.0,73.0,703.0,34.0,10.0,3.0,8.0,27.0,11.0,11.0,0.0,10.0,0.0,2.0,3.0,67.0,814.0,20.0,83.0,409.0,325.0,32.0,814.0,16.0,10.0,62.5,4.0,25.0,565.0,2288.0,1263.0,24.0,19.0,8.0,10.0,6.0,668.0,73.0,19.0,7.0,36.8,0.16,0.43,17.5,0.0,0.0,0.0,1.7,1.7,0.09,1.3,1.3
3,2022-08-21,16:30,Premier League,Matchweek 3,Sun,Away,D,3.0,3.0,Newcastle Utd,1.8,52258.0,İlkay Gündoğan,4-3-3,Jarred Gillett,Match Report,,9.0,5.0,1.0,5.0,3.0,4.0,13.0,30.8,9.0,6.0,3.0,3.0,5.0,14.0,13.0,0.0,40.0,31.0,2.0,2.0,2.0,2.0,1.0,6.0,6.0,0.0,0.0,0.0,0.0,0.0,5.0,2.0,40.0,0.0,2.3,-0.7,0.0,0.0,0.0,0.0,3.0,7.0,42.9,35.0,13.0,17.1,28.4,4.0,25.0,33.8,9.0,1.0,11.1,1.0,12.0,2.0,0.0,7.0,14.0,1.0,20.0,0.0,0.0,47.0,15.0,12.0,55.6,554.0,660.0,83.9,9782.0,3100.0,252.0,277.0,91.0,235.0,272.0,86.4,57.0,82.0,69.5,3.0,1.8,2.0,17.0,48.0,9.0,2.0,60.0,612.0,47.0,15.0,7.0,9.0,20.0,18.0,5.0,0.0,4.0,0.0,1.0,10.0,69.0,756.0,66.0,196.0,364.0,202.0,36.0,756.0,23.0,13.0,56.5,7.0,30.4,394.0,2315.0,1385.0,26.0,14.0,8.0,9.0,6.0,546.0,59.0,21.0,10.0,47.6,0.14,0.3,16.2,1.0,0.0,0.0,2.1,2.1,0.1,0.9,0.9
4,2022-08-27,15:00,Premier League,Matchweek 4,Sat,Home,W,4.0,2.0,Crystal Palace,0.1,53112.0,Kevin De Bruyne,4-2-3-1,Darren England,Match Report,,12.0,10.0,6.0,4.0,2.0,5.0,10.0,50.0,5.0,7.0,0.0,7.0,5.0,17.0,3.0,0.0,31.0,25.0,2.0,2.0,2.0,0.0,0.0,7.0,6.0,0.0,0.0,1.0,0.0,0.0,2.0,1.0,0.0,0.0,0.3,-0.7,0.0,0.0,0.0,0.0,1.0,1.0,100.0,22.0,3.0,4.5,24.4,2.0,0.0,22.5,4.0,1.0,25.0,1.0,17.3,1.0,0.0,14.0,8.0,2.0,29.0,0.0,0.0,47.0,14.0,7.0,66.7,734.0,822.0,89.3,12510.0,3364.0,358.0,380.0,94.2,301.0,334.0,90.1,65.0,83.0,78.3,4.0,2.3,1.8,15.0,82.0,22.0,8.0,81.0,782.0,38.0,9.0,1.0,4.0,29.0,18.0,6.0,2.0,2.0,0.0,2.0,3.0,74.0,894.0,28.0,111.0,422.0,364.0,45.0,894.0,19.0,10.0,52.6,4.0,21.1,573.0,3038.0,1755.0,29.0,34.0,9.0,10.0,5.0,731.0,80.0,18.0,5.0,27.8,0.22,0.8,14.1,0.0,0.0,0.0,2.2,2.2,0.13,1.8,1.8
5,2022-08-31,19:30,Premier League,Matchweek 5,Wed,Home,W,6.0,0.0,Nott'ham Forest,0.7,53409.0,İlkay Gündoğan,4-2-3-1,Paul Tierney,Match Report,,13.0,11.0,4.0,5.0,4.0,6.0,12.0,50.0,6.0,5.0,3.0,2.0,5.0,18.0,6.0,0.0,30.0,19.0,4.0,2.0,3.0,1.0,1.0,9.0,7.0,1.0,0.0,1.0,0.0,0.0,1.0,1.0,100.0,1.0,0.1,0.1,0.0,0.0,0.0,0.0,1.0,5.0,20.0,31.0,1.0,12.9,29.8,4.0,25.0,29.5,6.0,0.0,0.0,4.0,22.0,0.0,0.0,9.0,5.0,2.0,27.0,0.0,0.0,47.0,17.0,8.0,68.0,741.0,831.0,89.2,12979.0,3640.0,341.0,361.0,94.5,315.0,341.0,92.4,69.0,93.0,74.2,3.0,1.8,1.6,13.0,60.0,13.0,1.0,63.0,789.0,40.0,9.0,2.0,10.0,27.0,16.0,10.0,3.0,3.0,0.0,2.0,10.0,74.0,902.0,36.0,152.0,499.0,256.0,33.0,902.0,21.0,7.0,33.3,10.0,47.6,508.0,2858.0,1638.0,26.0,19.0,6.0,12.0,4.0,731.0,61.0,17.0,9.0,52.9,0.35,0.67,14.8,0.0,0.0,0.0,3.3,3.3,0.2,2.7,2.7
6,2022-09-03,17:30,Premier League,Matchweek 6,Sat,Away,D,1.0,1.0,Aston Villa,0.3,41830.0,İlkay Gündoğan,4-3-3,Simon Hooper,Match Report,,13.0,5.0,6.0,4.0,3.0,6.0,6.0,100.0,0.0,8.0,1.0,7.0,5.0,18.0,7.0,0.0,24.0,20.0,2.0,0.0,1.0,1.0,0.0,2.0,2.0,0.0,0.0,0.0,0.0,0.0,1.0,0.0,0.0,0.0,0.6,-0.4,0.0,0.0,0.0,0.0,2.0,5.0,40.0,31.0,1.0,16.1,26.5,3.0,0.0,32.7,7.0,0.0,0.0,0.0,9.5,0.0,0.0,6.0,7.0,3.0,14.0,0.0,0.0,55.0,26.0,13.0,66.7,695.0,800.0,86.9,12371.0,3671.0,306.0,336.0,91.1,302.0,327.0,92.4,72.0,102.0,70.6,1.0,1.7,1.2,10.0,34.0,13.0,3.0,55.0,758.0,39.0,11.0,1.0,11.0,14.0,19.0,4.0,1.0,1.0,0.0,3.0,6.0,71.0,872.0,43.0,221.0,470.0,182.0,34.0,872.0,8.0,4.0,50.0,3.0,37.5,479.0,2607.0,1198.0,20.0,19.0,1.0,7.0,12.0,684.0,55.0,13.0,4.0,30.8,0.08,0.25,16.8,1.0,0.0,0.0,2.1,2.1,0.16,-1.1,-1.1
7,2022-09-06,21:00,Champions Lg,Group stage,Tue,Away,W,4.0,0.0,es Sevilla,0.3,38764.0,Kevin De Bruyne,4-3-3,Davide Massa,Match Report,,12.0,6.0,5.0,5.0,2.0,4.0,7.0,57.1,3.0,7.0,1.0,6.0,9.0,21.0,14.0,0.0,46.0,35.0,2.0,3.0,3.0,2.0,1.0,7.0,5.0,0.0,1.0,1.0,0.0,0.0,1.0,1.0,100.0,1.0,0.1,0.1,0.0,0.0,0.0,0.0,4.0,7.0,57.1,23.0,1.0,21.7,29.5,4.0,50.0,32.5,8.0,0.0,0.0,0.0,18.0,0.0,0.0,8.0,9.0,2.0,23.0,0.0,0.0,54.0,8.0,8.0,50.0,568.0,645.0,88.1,9411.0,2892.0,293.0,309.0,94.8,220.0,244.0,90.2,44.0,64.0,68.8,4.0,3.5,2.3,22.0,47.0,12.0,4.0,51.0,608.0,35.0,10.0,2.0,5.0,23.0,13.0,7.0,0.0,3.0,1.0,2.0,12.0,61.0,735.0,39.0,177.0,345.0,219.0,35.0,735.0,18.0,10.0,55.6,5.0,27.8,405.0,2598.0,1589.0,36.0,26.0,16.0,11.0,8.0,561.0,50.0,24.0,9.0,37.5,0.17,0.44,16.9,1.0,0.0,0.0,3.6,3.6,0.16,0.4,0.4
8,2022-09-14,20:00,Champions Lg,Group stage,Wed,Home,W,2.0,1.0,de Dortmund,0.7,50441.0,İlkay Gündoğan,4-3-3,Daniele Orsato,Match Report,,15.0,8.0,3.0,9.0,3.0,6.0,11.0,54.5,5.0,7.0,0.0,7.0,8.0,23.0,6.0,0.0,23.0,18.0,4.0,1.0,0.0,0.0,0.0,4.0,4.0,0.0,0.0,0.0,0.0,0.0,2.0,1.0,50.0,0.0,0.5,-0.5,0.0,0.0,0.0,0.0,1.0,5.0,20.0,24.0,4.0,12.5,25.0,5.0,40.0,41.2,7.0,0.0,0.0,1.0,37.0,2.0,0.0,9.0,7.0,0.0,27.0,0.0,0.0,50.0,9.0,7.0,56.3,663.0,761.0,87.1,12228.0,3349.0,279.0,302.0,92.4,302.0,330.0,91.5,73.0,99.0,73.7,2.0,0.9,1.1,10.0,80.0,13.0,4.0,78.0,719.0,42.0,8.0,2.0,11.0,27.0,21.0,6.0,3.0,1.0,0.0,0.0,9.0,66.0,856.0,42.0,154.0,434.0,274.0,31.0,856.0,17.0,10.0,58.8,7.0,41.2,570.0,2806.0,1549.0,27.0,15.0,11.0,14.0,9.0,659.0,77.0,12.0,3.0,25.0,0.17,0.67,17.3,0.0,0.0,0.0,1.0,1.0,0.08,1.0,1.0
9,2022-09-17,12:30,Premier League,Matchweek 8,Sat,Away,W,3.0,0.0,Wolves,0.4,31578.0,Kevin De Bruyne,4-3-3,Anthony Taylor,Match Report,,19.0,11.0,10.0,9.0,0.0,9.0,22.0,40.9,13.0,9.0,1.0,8.0,15.0,34.0,12.0,0.0,30.0,25.0,2.0,1.0,2.0,0.0,0.0,6.0,6.0,0.0,0.0,0.0,0.0,0.0,1.0,1.0,100.0,1.0,0.1,0.1,0.0,0.0,0.0,0.0,1.0,3.0,33.3,26.0,4.0,7.7,24.2,6.0,16.7,23.2,7.0,1.0,14.3,2.0,15.5,1.0,0.0,9.0,6.0,1.0,12.0,0.0,0.0,52.0,11.0,3.0,78.6,586.0,655.0,89.5,9988.0,3241.0,269.0,291.0,92.4,269.0,290.0,92.8,41.0,56.0,73.2,3.0,0.9,1.3,14.0,44.0,12.0,2.0,50.0,617.0,37.0,7.0,4.0,7.0,12.0,16.0,7.0,3.0,2.0,0.0,1.0,3.0,59.0,761.0,52.0,219.0,379.0,168.0,25.0,761.0,20.0,11.0,55.0,8.0,40.0,546.0,2826.0,1470.0,28.0,18.0,9.0,13.0,11.0,585.0,50.0,16.0,7.0,43.8,0.19,0.43,19.4,0.0,0.0,0.0,1.1,1.1,0.07,1.9,1.9
10,2022-10-02,14:00,Premier League,Matchweek 9,Sun,Home,W,6.0,3.0,Manchester Utd,1.7,53475.0,İlkay Gündoğan,4-3-3,Michael Oliver,Match Report,,14.0,8.0,5.0,5.0,4.0,7.0,11.0,63.6,4.0,10.0,3.0,7.0,11.0,25.0,8.0,0.0,38.0,26.0,3.0,1.0,7.0,1.0,0.0,12.0,10.0,1.0,0.0,1.0,0.0,0.0,8.0,5.0,75.0,0.0,2.9,-0.1,1.0,1.0,0.0,0.0,9.0,16.0,56.3,62.0,3.0,22.6,27.1,8.0,25.0,32.9,4.0,0.0,0.0,3.0,17.1,0.0,0.0,3.0,9.0,1.0,10.0,0.0,1.0,50.0,10.0,6.0,62.5,506.0,576.0,87.8,9597.0,2816.0,190.0,210.0,90.5,245.0,261.0,93.9,60.0,76.0,78.9,6.0,2.3,2.4,16.0,25.0,13.0,2.0,49.0,539.0,36.0,8.0,2.0,6.0,10.0,11.0,5.0,2.0,2.0,0.0,1.0,7.0,53.0,663.0,79.0,246.0,276.0,145.0,45.0,663.0,14.0,11.0,78.6,1.0,7.1,444.0,2511.0,1553.0,27.0,9.0,10.0,10.0,13.0,503.0,49.0,22.0,9.0,40.9,0.27,0.67,14.2,1.0,0.0,0.0,3.2,3.2,0.15,2.8,2.8
11,2022-10-05,20:00,Champions Lg,Group stage,Wed,Home,W,5.0,0.0,dk FC Copenhagen,0.4,51765.0,İlkay Gündoğan,4-4-2,Donatas Rumšas,Match Report,,11.0,6.0,1.0,7.0,3.0,6.0,12.0,50.0,6.0,5.0,1.0,4.0,3.0,14.0,2.0,0.0,55.0,47.0,2.0,1.0,3.0,2.0,0.0,7.0,4.0,1.0,0.0,1.0,1.0,0.0,0.0,0.0,,1.0,0.0,0.0,0.0,0.0,0.0,0.0,8.0,8.0,100.0,31.0,4.0,25.8,27.6,3.0,0.0,23.7,4.0,0.0,0.0,0.0,,0.0,0.0,7.0,6.0,0.0,19.0,1.0,0.0,43.0,12.0,6.0,66.7,818.0,889.0,92.0,13799.0,3464.0,397.0,414.0,95.9,336.0,362.0,92.8,69.0,83.0,83.1,3.0,2.1,2.1,22.0,80.0,19.0,3.0,74.0,859.0,30.0,4.0,1.0,3.0,19.0,15.0,7.0,1.0,0.0,1.0,0.0,6.0,75.0,985.0,33.0,121.0,512.0,358.0,54.0,984.0,19.0,9.0,47.4,8.0,42.1,670.0,3797.0,2119.0,40.0,27.0,13.0,6.0,8.0,811.0,72.0,29.0,15.0,51.7,0.1,0.2,19.2,1.0,1.0,1.0,4.3,3.5,0.13,-0.3,-0.5
12,2022-10-08,15:00,Premier League,Matchweek 10,Sat,Home,W,4.0,0.0,Southampton,0.2,53365.0,Kevin De Bruyne,4-2-3-1,Andy Madley,Match Report,,15.0,8.0,6.0,8.0,1.0,11.0,14.0,78.6,3.0,8.0,2.0,6.0,8.0,23.0,6.0,0.0,35.0,28.0,2.0,3.0,2.0,0.0,0.0,8.0,7.0,0.0,1.0,0.0,0.0,0.0,0.0,0.0,,1.0,0.0,0.0,0.0,0.0,0.0,0.0,4.0,7.0,57.1,34.0,4.0,20.6,25.6,4.0,0.0,20.0,5.0,1.0,20.0,0.0,11.0,0.0,0.0,4.0,8.0,1.0,21.0,0.0,0.0,57.0,11.0,10.0,52.4,687.0,782.0,87.9,12213.0,3701.0,296.0,319.0,92.8,318.0,343.0,92.7,66.0,92.0,71.7,4.0,1.9,1.1,16.0,46.0,14.0,3.0,66.0,746.0,35.0,9.0,2.0,8.0,21.0,12.0,9.0,4.0,2.0,0.0,1.0,15.0,65.0,879.0,59.0,274.0,434.0,179.0,54.0,879.0,17.0,7.0,41.2,7.0,41.2,554.0,2873.0,1413.0,28.0,16.0,17.0,10.0,12.0,682.0,66.0,21.0,8.0,38.1,0.19,0.5,13.9,0.0,0.0,0.0,2.4,2.4,0.12,1.6,1.6
13,2022-10-11,18:45,Champions Lg,Group stage,Tue,Away,D,0.0,0.0,dk FC Copenhagen,0.3,35447.0,İlkay Gündoğan,4-2-3-1,Artur Dias,Match Report,,11.0,8.0,6.0,4.0,1.0,6.0,8.0,75.0,2.0,7.0,1.0,6.0,4.0,15.0,10.0,0.0,22.0,14.0,3.0,1.0,4.0,0.0,0.0,0.0,0.0,0.0,0.0,0.0,0.0,0.0,1.0,1.0,100.0,1.0,0.1,0.1,0.0,0.0,0.0,0.0,4.0,12.0,33.3,31.0,6.0,25.8,29.8,8.0,50.0,46.6,8.0,1.0,12.5,2.0,17.0,1.0,1.0,6.0,12.0,2.0,17.0,0.0,0.0,45.0,14.0,10.0,58.3,597.0,677.0,88.2,10006.0,2418.0,302.0,318.0,95.0,246.0,269.0,91.4,44.0,71.0,62.0,0.0,0.6,0.5,10.0,47.0,1.0,1.0,30.0,628.0,47.0,13.0,0.0,5.0,17.0,17.0,8.0,4.0,3.0,0.0,2.0,8.0,59.0,763.0,64.0,185.0,379.0,202.0,13.0,762.0,8.0,3.0,37.5,2.0,25.0,505.0,2622.0,1537.0,27.0,22.0,4.0,11.0,6.0,595.0,29.0,13.0,3.0,23.1,0.0,0.0,21.7,0.0,0.0,1.0,1.6,0.9,0.07,-1.6,-0.9
14,2022-10-16,16:30,Premier League,Matchweek 11,Sun,Away,L,0.0,1.0,Liverpool,2.1,53286.0,İlkay Gündoğan,3-4-3,Anthony Taylor,Match Report,,20.0,14.0,6.0,13.0,1.0,5.0,8.0,62.5,3.0,16.0,2.0,14.0,7.0,27.0,15.0,1.0,30.0,26.0,3.0,0.0,1.0,0.0,0.0,0.0,0.0,0.0,0.0,0.0,0.0,0.0,2.0,1.0,50.0,0.0,0.7,-0.3,0.0,0.0,0.0,0.0,1.0,2.0,50.0,32.0,4.0,6.3,24.3,8.0,0.0,16.6,11.0,0.0,0.0,1.0,19.0,1.0,0.0,7.0,8.0,0.0,26.0,0.0,0.0,62.0,15.0,10.0,60.0,646.0,751.0,86.0,11808.0,4176.0,247.0,282.0,87.6,324.0,357.0,90.8,60.0,86.0,69.8,0.0,0.9,1.2,12.0,53.0,17.0,4.0,76.0,701.0,50.0,13.0,0.0,4.0,26.0,19.0,6.0,4.0,0.0,0.0,0.0,10.0,63.0,877.0,84.0,246.0,451.0,189.0,35.0,877.0,18.0,8.0,44.4,8.0,44.4,478.0,2222.0,1211.0,31.0,11.0,8.0,15.0,15.0,643.0,75.0,16.0,6.0,37.5,0.0,0.0,18.4,0.0,0.0,0.0,1.0,1.0,0.06,-1.0,-1.0
15,2022-10-22,15:00,Premier League,Matchweek 13,Sat,Home,W,3.0,1.0,Brighton,0.5,53223.0,Kevin De Bruyne,4-3-3,Craig Pawson,Match Report,,14.0,9.0,6.0,6.0,2.0,7.0,14.0,50.0,7.0,12.0,3.0,9.0,8.0,22.0,12.0,1.0,20.0,12.0,3.0,1.0,2.0,2.0,0.0,6.0,5.0,0.0,0.0,0.0,1.0,0.0,2.0,1.0,50.0,0.0,0.3,-0.7,0.0,0.0,0.0,0.0,4.0,20.0,20.0,47.0,5.0,31.9,33.4,7.0,71.4,54.7,13.0,2.0,15.4,4.0,18.5,1.0,0.0,11.0,12.0,0.0,11.0,1.0,0.0,51.0,1.0,8.0,11.1,384.0,471.0,81.5,6597.0,2127.0,187.0,201.0,93.0,156.0,188.0,83.0,32.0,65.0,49.2,2.0,0.8,1.2,8.0,22.0,10.0,0.0,38.0,430.0,41.0,15.0,3.0,1.0,11.0,9.0,6.0,0.0,4.0,0.0,0.0,5.0,48.0,558.0,65.0,210.0,201.0,153.0,27.0,557.0,16.0,8.0,50.0,5.0,31.3,324.0,1772.0,854.0,13.0,13.0,3.0,8.0,11.0,372.0,38.0,9.0,3.0,33.3,0.22,0.67,15.0,0.0,1.0,1.0,1.6,0.8,0.09,1.4,1.2
16,2022-10-25,21:00,Champions Lg,Group stage,Tue,Away,D,0.0,0.0,de Dortmund,1.2,81000.0,İlkay Gündoğan,4-4-2,Davide Massa,Match Report,,19.0,12.0,11.0,5.0,3.0,8.0,12.0,66.7,4.0,7.0,2.0,5.0,13.0,32.0,4.0,0.0,14.0,10.0,2.0,0.0,0.0,2.0,0.0,0.0,0.0,0.0,0.0,0.0,0.0,0.0,4.0,4.0,100.0,1.0,0.3,0.3,0.0,0.0,0.0,0.0,1.0,2.0,50.0,18.0,5.0,11.1,24.3,5.0,0.0,22.4,1.0,0.0,0.0,1.0,27.0,4.0,0.0,10.0,5.0,3.0,16.0,1.0,0.0,52.0,8.0,7.0,53.3,860.0,943.0,91.2,13672.0,3676.0,460.0,485.0,94.8,339.0,358.0,94.7,52.0,64.0,81.3,0.0,0.4,0.7,7.0,84.0,11.0,1.0,77.0,907.0,33.0,7.0,1.0,3.0,16.0,17.0,3.0,2.0,1.0,0.0,3.0,16.0,73.0,1029.0,44.0,154.0,609.0,275.0,19.0,1028.0,13.0,6.0,46.2,4.0,30.8,688.0,3115.0,1588.0,12.0,28.0,1.0,11.0,8.0,855.0,77.0,7.0,2.0,28.6,0.0,0.0,19.8,0.0,0.0,1.0,1.2,0.4,0.06,-1.2,-0.4
17,2022-10-29,12:30,Premier League,Matchweek 14,Sat,Away,W,1.0,0.0,Leicester City,0.7,32223.0,İlkay Gündoğan,4-3-3,Robert Jones,Match Report,,7.0,4.0,3.0,1.0,3.0,3.0,6.0,50.0,3.0,6.0,1.0,5.0,6.0,13.0,6.0,1.0,28.0,24.0,3.0,0.0,0.0,1.0,0.0,2.0,1.0,0.0,0.0,0.0,1.0,0.0,5.0,5.0,100.0,1.0,0.4,0.4,0.0,0.0,0.0,0.0,1.0,5.0,20.0,23.0,7.0,17.4,25.4,6.0,16.7,26.3,8.0,0.0,0.0,1.0,25.5,0.0,0.0,10.0,5.0,2.0,29.0,0.0,0.0,45.0,13.0,11.0,54.2,649.0,742.0,87.5,10842.0,2413.0,320.0,337.0,95.0,263.0,287.0,91.6,53.0,79.0,67.1,0.0,0.9,1.3,13.0,69.0,16.0,4.0,64.0,706.0,34.0,4.0,1.0,7.0,29.0,13.0,10.0,5.0,1.0,1.0,2.0,19.0,64.0,818.0,47.0,115.0,372.0,335.0,24.0,818.0,11.0,3.0,27.3,6.0,54.5,456.0,2959.0,1818.0,25.0,30.0,5.0,11.0,6.0,647.0,63.0,15.0,5.0,33.3,0.07,0.2,20.8,1.0,0.0,0.0,1.0,1.0,0.07,0.0,0.0
18,2022-11-02,20:00,Champions Lg,Group stage,Wed,Home,W,3.0,1.0,es Sevilla,0.4,51610.0,İlkay Gündoğan,4-3-3,Orel Grinfeeld,Match Report,,9.0,5.0,2.0,6.0,1.0,4.0,6.0,66.7,2.0,8.0,0.0,8.0,4.0,13.0,1.0,1.0,38.0,27.0,4.0,1.0,2.0,3.0,1.0,5.0,4.0,0.0,0.0,0.0,0.0,1.0,2.0,1.0,50.0,0.0,0.7,-0.3,0.0,0.0,0.0,0.0,2.0,3.0,66.7,24.0,1.0,8.3,19.1,5.0,20.0,31.4,4.0,1.0,25.0,4.0,22.5,0.0,0.0,9.0,7.0,1.0,28.0,0.0,0.0,45.0,10.0,6.0,62.5,623.0,703.0,88.6,10772.0,2539.0,305.0,324.0,94.1,261.0,284.0,91.9,48.0,72.0,66.7,3.0,1.8,2.0,17.0,69.0,12.0,2.0,56.0,666.0,36.0,7.0,2.0,9.0,28.0,15.0,7.0,2.0,3.0,0.0,1.0,7.0,61.0,777.0,28.0,89.0,402.0,289.0,39.0,777.0,11.0,5.0,45.5,4.0,36.4,549.0,2743.0,1572.0,26.0,17.0,7.0,10.0,4.0,617.0,55.0,21.0,7.0,33.3,0.14,0.43,15.9,0.0,0.0,0.0,2.0,2.0,0.1,1.0,1.0
19,2022-11-05,15:00,Premier League,Matchweek 15,Sat,Home,W,2.0,1.0,Fulham,1.0,52395.0,İlkay Gündoğan,4-3-3,Darren England,Match Report,,16.0,2.0,4.0,9.0,3.0,12.0,12.0,100.0,0.0,6.0,1.0,5.0,5.0,21.0,4.0,0.0,32.0,25.0,2.0,0.0,2.0,3.0,0.0,4.0,3.0,0.0,0.0,0.0,1.0,0.0,2.0,1.0,100.0,0.0,1.3,0.3,1.0,1.0,0.0,0.0,3.0,7.0,42.9,38.0,2.0,15.8,23.7,2.0,50.0,45.0,6.0,0.0,0.0,0.0,,2.0,1.0,6.0,11.0,3.0,25.0,1.0,1.0,51.0,12.0,10.0,54.5,682.0,767.0,88.9,10813.0,2995.0,376.0,396.0,94.9,242.0,266.0,91.0,50.0,74.0,67.6,1.0,1.2,1.6,12.0,53.0,13.0,4.0,45.0,723.0,41.0,8.0,3.0,5.0,25.0,20.0,9.0,4.0,4.0,0.0,3.0,9.0,70.0,861.0,47.0,176.0,479.0,212.0,34.0,860.0,22.0,5.0,22.7,12.0,54.5,616.0,3578.0,1847.0,28.0,20.0,6.0,17.0,3.0,670.0,45.0,15.0,4.0,26.7,0.07,0.25,18.1,1.0,1.0,1.0,2.1,1.3,0.09,-0.1,-0.3
20,2022-11-09,20:00,EFL Cup,Third round,Wed,Home,W,2.0,0.0,Chelsea,,35674.0,İlkay Gündoğan,4-2-3-1,Simon Hooper,Match Report,,,5.0,,,,,,,,,,,8.0,0.0,,,,,,,,,,,,,,,,,5.0,5.0,100.0,1.0,,,0.0,0.0,0.0,0.0,,,,,,,,,,,,,,,,1.0,0.0,13.0,9.0,3.0,17.0,,,,,,,,,,,,,,,,,,,,,0.0,,,,,,,,,,,,,17.0,,,,,,,,55.0,,,,,,,,,,,,,,,,,,,,,,,18.0,9.0,50.0,0.11,0.22,,,0.0,0.0,,,,,
21,2022-11-12,12:30,Premier League,Matchweek 16,Sat,Home,L,1.0,2.0,Brentford,1.3,52786.0,İlkay Gündoğan,4-3-3,Peter Bankes,Match Report,,9.0,7.0,5.0,2.0,2.0,5.0,10.0,50.0,5.0,6.0,2.0,4.0,3.0,12.0,12.0,0.0,51.0,43.0,2.0,0.0,5.0,0.0,1.0,2.0,1.0,1.0,0.0,0.0,0.0,0.0,7.0,5.0,71.4,0.0,2.4,0.4,0.0,0.0,0.0,0.0,3.0,5.0,60.0,27.0,8.0,14.8,27.8,3.0,33.3,34.7,10.0,3.0,30.0,1.0,12.4,2.0,0.0,9.0,6.0,2.0,38.0,0.0,0.0,47.0,22.0,20.0,52.4,563.0,686.0,82.1,9380.0,2689.0,273.0,303.0,90.1,235.0,277.0,84.8,39.0,72.0,54.2,1.0,1.4,2.4,21.0,43.0,27.0,2.0,68.0,642.0,42.0,9.0,3.0,4.0,38.0,16.0,10.0,0.0,10.0,0.0,2.0,9.0,74.0,790.0,53.0,169.0,248.0,378.0,61.0,790.0,17.0,8.0,47.1,6.0,35.3,524.0,3170.0,2159.0,48.0,44.0,9.0,9.0,5.0,555.0,67.0,29.0,6.0,20.7,0.03,0.17,20.9,0.0,0.0,0.0,1.6,1.6,0.06,-0.6,-0.6
22,2022-12-22,20:00,EFL Cup,Fourth round,Thu,Home,W,3.0,2.0,Liverpool,,47149.0,İlkay Gündoğan,4-3-3,David Coote,Match Report,,,9.0,,,,,,,,,,,12.0,0.0,,,,,,,,,,,,,,,,,2.0,0.0,0.0,0.0,,,0.0,0.0,0.0,0.0,,,,,,,,,,,,,,,,1.0,0.0,6.0,10.0,1.0,23.0,,,,,,,,,,,,,,,,,,,,,3.0,,,,,,,,,,,,,23.0,,,,,,,,57.0,,,,,,,,,,,,,,,,,,,,,,,18.0,9.0,50.0,0.17,0.33,,,0.0,0.0,,,,,
23,2022-12-28,20:00,Premier League,Matchweek 17,Wed,Away,W,3.0,1.0,Leeds United,0.6,36889.0,İlkay Gündoğan,4-3-3,Stuart Attwell,Match Report,,13.0,7.0,4.0,5.0,4.0,6.0,12.0,50.0,6.0,15.0,4.0,11.0,5.0,18.0,10.0,0.0,47.0,33.0,5.0,1.0,4.0,3.0,1.0,5.0,3.0,0.0,0.0,1.0,0.0,1.0,1.0,0.0,0.0,0.0,0.3,-0.7,0.0,0.0,0.0,0.0,3.0,7.0,42.9,39.0,5.0,17.9,28.1,6.0,0.0,16.5,7.0,1.0,14.3,1.0,16.3,3.0,0.0,14.0,11.0,1.0,12.0,0.0,0.0,48.0,7.0,5.0,58.3,644.0,740.0,87.0,11169.0,3246.0,295.0,313.0,94.2,284.0,317.0,89.6,56.0,79.0,70.9,2.0,3.7,1.7,22.0,32.0,12.0,2.0,52.0,691.0,48.0,11.0,4.0,3.0,12.0,24.0,5.0,4.0,0.0,0.0,1.0,12.0,69.0,830.0,70.0,256.0,413.0,166.0,35.0,830.0,15.0,8.0,53.3,3.0,20.0,529.0,2738.0,1411.0,21.0,19.0,6.0,13.0,10.0,637.0,52.0,26.0,9.0,34.6,0.12,0.33,16.0,0.0,0.0,0.0,4.3,4.3,0.17,-1.3,-1.3
24,2022-12-31,15:00,Premier League,Matchweek 18,Sat,Home,D,1.0,1.0,Everton,0.1,53444.0,Kevin De Bruyne,4-3-3,Andy Madley,Match Report,,13.0,7.0,0.0,7.0,6.0,4.0,7.0,57.1,3.0,5.0,1.0,4.0,3.0,16.0,8.0,0.0,30.0,23.0,2.0,1.0,3.0,1.0,0.0,2.0,1.0,0.0,1.0,0.0,0.0,0.0,1.0,0.0,0.0,0.0,0.6,-0.4,0.0,0.0,0.0,0.0,0.0,0.0,,18.0,4.0,0.0,20.4,0.0,,,8.0,0.0,0.0,2.0,21.0,3.0,0.0,13.0,14.0,3.0,32.0,0.0,0.0,43.0,9.0,7.0,56.3,635.0,728.0,87.2,10764.0,2963.0,336.0,360.0,93.3,239.0,270.0,88.5,55.0,74.0,74.3,1.0,1.8,1.8,16.0,52.0,16.0,3.0,71.0,673.0,52.0,16.0,3.0,6.0,32.0,27.0,7.0,3.0,2.0,1.0,3.0,15.0,74.0,793.0,20.0,97.0,417.0,282.0,41.0,793.0,11.0,4.0,36.4,6.0,54.5,532.0,2844.0,1487.0,33.0,21.0,8.0,11.0,7.0,628.0,71.0,16.0,3.0,18.8,0.06,0.33,15.4,0.0,0.0,0.0,1.7,1.7,0.11,-0.7,-0.7
25,2023-01-05,20:00,Premier League,Matchweek 19,Thu,Away,W,1.0,0.0,Chelsea,0.4,39998.0,İlkay Gündoğan,3-2-4-1,Paul Tierney,Match Report,,19.0,13.0,8.0,6.0,5.0,7.0,13.0,53.8,6.0,13.0,3.0,10.0,10.0,29.0,15.0,0.0,20.0,15.0,0.0,3.0,1.0,0.0,1.0,2.0,2.0,0.0,0.0,0.0,0.0,0.0,2.0,2.0,100.0,1.0,0.6,0.6,0.0,0.0,0.0,0.0,5.0,12.0,41.7,22.0,6.0,36.4,34.1,6.0,66.7,50.3,13.0,0.0,0.0,0.0,,0.0,0.0,9.0,9.0,1.0,14.0,0.0,0.0,60.0,12.0,8.0,60.0,568.0,650.0,87.4,9843.0,3225.0,257.0,284.0,90.5,248.0,273.0,90.8,50.0,73.0,68.5,1.0,1.9,1.3,9.0,59.0,11.0,1.0,63.0,612.0,37.0,11.0,1.0,1.0,14.0,17.0,2.0,0.0,0.0,0.0,1.0,1.0,52.0,765.0,46.0,188.0,358.0,224.0,23.0,765.0,18.0,7.0,38.9,8.0,44.4,467.0,1839.0,1040.0,9.0,19.0,4.0,15.0,20.0,562.0,63.0,12.0,3.0,25.0,0.08,0.33,16.0,0.0,0.0,0.0,2.1,2.1,0.17,-1.1,-1.1
26,2023-01-08,16:30,FA Cup,Third round proper,Sun,Home,W,4.0,0.0,Chelsea,,51505.0,Kyle Walker,4-3-3,Robert Jones,Match Report,,,17.0,,,,,,,,,,,5.0,0.0,,,,,,,,,,,,,,,,,1.0,1.0,100.0,1.0,,,0.0,0.0,0.0,0.0,,,,,,,,,,,,,,,,3.0,0.0,10.0,9.0,1.0,6.0,,,,,,,,,,,,,,,,,,,,,1.0,,,,,,,,,,,,,6.0,,,,,,,,58.0,,,,,,,,,,,,,,,,,,,,,,,9.0,7.0,77.8,0.22,0.29,,,2.0,2.0,,,,,
27,2023-01-11,20:00,EFL Cup,Quarter-finals,Wed,Away,L,0.0,2.0,Southampton,,22996.0,İlkay Gündoğan,4-3-3,Peter Bankes,Match Report,,,12.0,,,,,,,,,,,9.0,0.0,,,,,,,,,,,,,,,,,4.0,2.0,50.0,0.0,,,0.0,0.0,0.0,0.0,,,,,,,,,,,,,,,,0.0,0.0,5.0,10.0,1.0,18.0,,,,,,,,,,,,,,,,,,,,,0.0,,,,,,,,,,,,,18.0,,,,,,,,72.0,,,,,,,,,,,,,,,,,,,,,,,7.0,0.0,0.0,0.0,,,,0.0,0.0,,,,,
28,2023-01-14,12:30,Premier League,Matchweek 20,Sat,Away,L,1.0,2.0,Manchester Utd,1.7,75546.0,Kevin De Bruyne,4-3-3,Stuart Attwell,Match Report,,6.0,1.0,1.0,4.0,1.0,1.0,10.0,10.0,9.0,11.0,4.0,7.0,4.0,10.0,5.0,0.0,10.0,10.0,0.0,0.0,0.0,0.0,0.0,2.0,2.0,0.0,0.0,0.0,0.0,0.0,3.0,1.0,33.3,0.0,1.6,-0.4,0.0,0.0,0.0,0.0,4.0,7.0,57.1,48.0,6.0,12.5,24.7,4.0,25.0,30.5,4.0,2.0,50.0,2.0,16.3,0.0,0.0,5.0,15.0,2.0,20.0,0.0,0.0,43.0,10.0,9.0,52.6,678.0,778.0,87.1,11335.0,2983.0,321.0,357.0,89.9,308.0,340.0,90.6,40.0,60.0,66.7,1.0,0.5,1.7,4.0,34.0,10.0,2.0,42.0,733.0,43.0,21.0,0.0,5.0,20.0,13.0,2.0,1.0,0.0,0.0,2.0,8.0,70.0,850.0,70.0,244.0,418.0,194.0,26.0,850.0,18.0,6.0,33.3,6.0,33.3,563.0,3775.0,2133.0,38.0,24.0,3.0,8.0,9.0,666.0,41.0,5.0,1.0,20.0,0.2,1.0,19.2,0.0,0.0,0.0,0.6,0.6,0.13,0.4,0.4
29,2023-01-19,20:00,Premier League,Matchweek 7,Thu,Home,W,4.0,2.0,Tottenham,0.8,53088.0,İlkay Gündoğan,4-2-3-1,Simon Hooper,Match Report,,15.0,11.0,7.0,7.0,1.0,5.0,9.0,55.6,4.0,12.0,2.0,10.0,8.0,23.0,13.0,1.0,28.0,23.0,2.0,1.0,1.0,1.0,0.0,7.0,6.0,0.0,0.0,1.0,0.0,0.0,3.0,1.0,33.3,0.0,0.3,-1.7,0.0,0.0,0.0,0.0,5.0,12.0,41.7,31.0,4.0,32.3,32.5,4.0,50.0,26.8,8.0,1.0,12.5,0.0,13.3,1.0,0.0,10.0,13.0,0.0,20.0,0.0,0.0,47.0,11.0,11.0,50.0,540.0,629.0,85.9,8508.0,2433.0,290.0,314.0,92.4,190.0,209.0,90.9,42.0,72.0,58.3,2.0,1.5,2.0,11.0,37.0,9.0,1.0,43.0,578.0,51.0,14.0,4.0,0.0,20.0,22.0,8.0,4.0,4.0,0.0,0.0,11.0,58.0,724.0,61.0,179.0,350.0,201.0,36.0,724.0,15.0,4.0,26.7,8.0,53.3,455.0,2825.0,1286.0,24.0,19.0,11.0,10.0,8.0,530.0,43.0,16.0,6.0,37.5,0.25,0.67,16.3,1.0,0.0,0.0,2.3,2.3,0.15,1.7,1.7
30,2023-01-22,14:00,Premier League,Matchweek 21,Sun,Home,W,3.0,0.0,Wolves,0.8,53282.0,İlkay Gündoğan,3-2-4-1,David Coote,Match Report,,8.0,5.0,3.0,1.0,4.0,6.0,11.0,54.5,5.0,13.0,4.0,9.0,6.0,14.0,18.0,0.0,26.0,22.0,0.0,1.0,1.0,1.0,1.0,6.0,4.0,0.0,0.0,0.0,1.0,1.0,1.0,1.0,100.0,1.0,0.2,0.2,0.0,0.0,0.0,0.0,4.0,10.0,40.0,33.0,6.0,24.2,31.0,3.0,66.7,46.0,14.0,1.0,7.1,0.0,10.0,1.0,0.0,10.0,10.0,1.0,24.0,1.0,0.0,51.0,14.0,9.0,60.9,547.0,630.0,86.8,9288.0,2870.0,261.0,286.0,91.3,209.0,229.0,91.3,56.0,74.0,75.7,2.0,2.0,2.3,12.0,47.0,10.0,2.0,59.0,599.0,30.0,9.0,3.0,8.0,24.0,12.0,5.0,4.0,0.0,0.0,1.0,13.0,55.0,719.0,64.0,191.0,302.0,229.0,42.0,718.0,17.0,6.0,35.3,7.0,41.2,527.0,2799.0,1381.0,37.0,20.0,14.0,9.0,8.0,540.0,57.0,12.0,5.0,41.7,0.17,0.4,14.8,0.0,1.0,1.0,2.8,2.0,0.17,0.2,0.0
31,2023-01-27,20:00,FA Cup,Fourth round proper,Fri,Home,W,1.0,0.0,Arsenal,,51589.0,İlkay Gündoğan,3-2-4-1,Paul Tierney,Match Report,,,14.0,,,,,,,,,,,10.0,0.0,,,,,,,,,,,,,,,,,2.0,2.0,100.0,1.0,,,0.0,0.0,0.0,0.0,,,,,,,,,,,,,,,,1.0,0.0,9.0,13.0,3.0,8.0,,,,,,,,,,,,,,,,,,,,,1.0,,,,,,,,,,,,,8.0,,,,,,,,54.0,,,,,,,,,,,,,,,,,,,,,,,8.0,3.0,37.5,0.13,0.33,,,0.0,0.0,,,,,
32,2023-02-05,16:30,Premier League,Matchweek 22,Sun,Away,L,0.0,1.0,Tottenham,1.4,61747.0,Kyle Walker,4-4-2,Andy Madley,Match Report,,19.0,9.0,8.0,7.0,4.0,9.0,15.0,60.0,6.0,11.0,4.0,7.0,7.0,26.0,12.0,1.0,30.0,19.0,3.0,1.0,3.0,2.0,2.0,0.0,0.0,0.0,0.0,0.0,0.0,0.0,3.0,2.0,66.7,0.0,1.0,0.0,0.0,0.0,0.0,0.0,1.0,6.0,16.7,21.0,2.0,28.6,31.0,6.0,0.0,17.0,7.0,0.0,0.0,1.0,9.8,3.0,0.0,14.0,18.0,1.0,27.0,0.0,0.0,54.0,16.0,9.0,64.0,506.0,597.0,84.8,8191.0,2321.0,237.0,262.0,90.5,225.0,255.0,88.2,30.0,53.0,56.6,0.0,0.8,1.0,9.0,37.0,6.0,2.0,52.0,552.0,44.0,19.0,0.0,1.0,27.0,11.0,6.0,1.0,1.0,2.0,1.0,4.0,64.0,699.0,47.0,157.0,329.0,223.0,32.0,699.0,16.0,6.0,37.5,5.0,31.3,458.0,2913.0,1590.0,33.0,28.0,7.0,17.0,9.0,495.0,51.0,15.0,5.0,33.3,0.0,0.0,17.7,1.0,0.0,0.0,1.3,1.3,0.09,-1.3,-1.3
33,2023-02-12,16:30,Premier League,Matchweek 23,Sun,Home,W,3.0,1.0,Aston Villa,0.3,53392.0,İlkay Gündoğan,3-2-4-1,Robert Jones,Match Report,,7.0,3.0,3.0,3.0,1.0,4.0,13.0,30.8,9.0,7.0,2.0,5.0,3.0,10.0,3.0,0.0,32.0,20.0,4.0,2.0,2.0,4.0,0.0,5.0,3.0,1.0,0.0,0.0,1.0,0.0,2.0,1.0,50.0,0.0,0.4,-0.6,0.0,0.0,0.0,0.0,3.0,4.0,75.0,27.0,6.0,14.8,29.0,2.0,0.0,18.0,4.0,0.0,0.0,1.0,12.0,1.0,0.0,13.0,14.0,1.0,18.0,1.0,0.0,45.0,7.0,4.0,63.6,582.0,658.0,88.4,10587.0,3076.0,265.0,281.0,94.3,251.0,275.0,91.3,60.0,84.0,71.4,2.0,2.4,1.4,13.0,49.0,6.0,1.0,52.0,616.0,41.0,16.0,5.0,8.0,18.0,13.0,8.0,1.0,5.0,0.0,1.0,8.0,67.0,727.0,44.0,172.0,368.0,194.0,34.0,726.0,15.0,6.0,40.0,5.0,33.3,498.0,2471.0,1371.0,28.0,20.0,13.0,6.0,2.0,578.0,51.0,16.0,7.0,43.8,0.13,0.29,15.4,1.0,1.0,1.0,3.3,2.6,0.16,-0.3,-0.6
34,2023-02-15,19:30,Premier League,Matchweek 12,Wed,Away,W,3.0,1.0,Arsenal,1.6,60276.0,İlkay Gündoğan,4-1-4-1,Anthony Taylor,Match Report,,17.0,12.0,7.0,9.0,1.0,7.0,13.0,53.8,6.0,12.0,5.0,7.0,11.0,28.0,14.0,0.0,13.0,6.0,3.0,0.0,2.0,2.0,0.0,4.0,4.0,0.0,0.0,0.0,0.0,0.0,1.0,0.0,100.0,0.0,1.0,0.0,1.0,1.0,0.0,0.0,9.0,23.0,39.1,27.0,3.0,51.9,42.4,10.0,90.0,64.6,11.0,0.0,0.0,0.0,19.0,4.0,0.0,15.0,10.0,3.0,9.0,0.0,1.0,51.0,14.0,11.0,56.0,236.0,336.0,70.2,4568.0,1647.0,97.0,119.0,81.5,108.0,130.0,83.1,26.0,68.0,38.2,2.0,1.2,0.8,6.0,13.0,5.0,1.0,22.0,290.0,43.0,11.0,1.0,4.0,9.0,18.0,2.0,1.0,0.0,0.0,3.0,5.0,37.0,435.0,57.0,160.0,179.0,103.0,17.0,435.0,21.0,9.0,42.9,7.0,33.3,234.0,1290.0,560.0,13.0,12.0,3.0,13.0,6.0,234.0,22.0,9.0,5.0,55.6,0.33,0.6,12.1,0.0,0.0,0.0,1.8,1.8,0.21,1.2,1.2
35,2023-02-18,15:00,Premier League,Matchweek 24,Sat,Away,D,1.0,1.0,Nott'ham Forest,0.9,29365.0,İlkay Gündoğan,3-2-4-1,Graham Scott,Match Report,,10.0,7.0,3.0,5.0,2.0,2.0,6.0,33.3,4.0,7.0,1.0,6.0,2.0,12.0,5.0,0.0,42.0,29.0,4.0,2.0,3.0,3.0,1.0,2.0,2.0,0.0,0.0,0.0,0.0,0.0,1.0,0.0,0.0,0.0,1.0,0.0,0.0,0.0,0.0,0.0,2.0,4.0,50.0,23.0,2.0,17.4,26.0,4.0,0.0,19.3,3.0,0.0,0.0,1.0,30.0,0.0,0.0,6.0,8.0,0.0,34.0,0.0,0.0,56.0,10.0,13.0,43.5,631.0,739.0,85.4,10854.0,3033.0,286.0,316.0,90.5,256.0,291.0,88.0,66.0,93.0,71.0,1.0,1.2,1.6,17.0,58.0,17.0,5.0,83.0,688.0,51.0,8.0,3.0,3.0,34.0,27.0,10.0,0.0,10.0,0.0,0.0,13.0,73.0,817.0,30.0,143.0,376.0,302.0,44.0,817.0,31.0,14.0,45.2,9.0,29.0,619.0,3677.0,1952.0,31.0,26.0,9.0,11.0,4.0,626.0,83.0,23.0,6.0,26.1,0.04,0.17,18.0,2.0,0.0,0.0,2.4,2.4,0.12,-1.4,-1.4
36,2023-02-22,21:00,Champions Lg,Round of 16,Wed,Away,D,1.0,1.0,de RB Leipzig,0.8,45228.0,İlkay Gündoğan,3-2-4-1,Serdar Gözübüyük,Match Report,Leg 1 of 2,13.0,6.0,5.0,6.0,2.0,4.0,14.0,28.6,10.0,5.0,1.0,4.0,5.0,18.0,9.0,0.0,22.0,12.0,3.0,4.0,0.0,1.0,2.0,1.0,1.0,0.0,0.0,0.0,0.0,0.0,4.0,3.0,75.0,0.0,1.1,0.1,0.0,0.0,0.0,0.0,4.0,7.0,57.1,30.0,3.0,20.0,27.5,3.0,33.3,37.3,7.0,0.0,0.0,0.0,8.5,0.0,0.0,6.0,11.0,1.0,11.0,0.0,0.0,40.0,6.0,3.0,66.7,659.0,736.0,89.5,12121.0,3093.0,287.0,310.0,92.6,288.0,308.0,93.5,81.0,96.0,84.4,1.0,1.1,0.7,11.0,43.0,6.0,1.0,42.0,691.0,44.0,14.0,1.0,3.0,11.0,21.0,4.0,2.0,1.0,0.0,1.0,16.0,62.0,805.0,54.0,210.0,425.0,180.0,29.0,805.0,19.0,12.0,63.2,5.0,26.3,540.0,2910.0,1468.0,25.0,17.0,9.0,8.0,7.0,654.0,42.0,12.0,3.0,25.0,0.08,0.33,15.9,1.0,0.0,0.0,1.2,1.2,0.1,-0.2,-0.2
37,2023-02-25,17:30,Premier League,Matchweek 25,Sat,Away,W,4.0,1.0,Bournemouth,1.0,10481.0,İlkay Gündoğan,3-2-4-1,Paul Tierney,Match Report,,26.0,17.0,14.0,10.0,2.0,11.0,23.0,47.8,12.0,14.0,5.0,9.0,6.0,32.0,16.0,0.0,35.0,28.0,2.0,1.0,3.0,1.0,0.0,4.0,2.0,0.0,1.0,1.0,0.0,0.0,2.0,1.0,50.0,0.0,0.7,-0.3,0.0,0.0,0.0,0.0,4.0,5.0,80.0,26.0,7.0,11.5,22.7,7.0,28.6,33.1,14.0,2.0,14.3,1.0,10.0,2.0,0.0,9.0,9.0,2.0,16.0,0.0,0.0,54.0,9.0,10.0,47.4,698.0,786.0,88.8,11181.0,3327.0,337.0,361.0,93.4,315.0,343.0,91.8,29.0,45.0,64.4,1.0,1.0,2.4,11.0,49.0,10.0,1.0,60.0,748.0,36.0,10.0,4.0,0.0,16.0,11.0,6.0,2.0,2.0,1.0,2.0,16.0,66.0,901.0,72.0,246.0,461.0,197.0,39.0,901.0,18.0,8.0,44.4,6.0,33.3,538.0,2921.0,1495.0,18.0,12.0,5.0,8.0,9.0,690.0,60.0,20.0,5.0,25.0,0.15,0.6,15.3,1.0,0.0,0.0,2.4,2.4,0.13,0.6,0.6
38,2023-02-28,20:00,FA Cup,Fifth round proper,Tue,Away,W,3.0,0.0,Bristol City,,25713.0,Kevin De Bruyne,3-2-4-1,Andre Marriner,Match Report,,,9.0,,,,,,,,,,,10.0,0.0,,,,,,,,,,,,,,,,,1.0,1.0,100.0,2.0,,,0.0,0.0,0.0,0.0,,,,,,,,,,,,,,,,2.0,0.0,8.0,9.0,0.0,11.0,,,,,,,,,,,,,,,,,,,,,3.0,,,,,,,,,,,,,11.0,,,,,,,,70.0,,,,,,,,,,,,,,,,,,,,,,,16.0,6.0,37.5,0.19,0.5,,,0.0,0.0,,,,,
39,2023-03-04,12:30,Premier League,Matchweek 26,Sat,Home,W,2.0,0.0,Newcastle Utd,0.4,53419.0,İlkay Gündoğan,4-2-3-1,Simon Hooper,Match Report,,13.0,6.0,2.0,5.0,6.0,4.0,16.0,25.0,12.0,5.0,2.0,3.0,4.0,17.0,24.0,0.0,20.0,17.0,0.0,2.0,0.0,1.0,0.0,4.0,2.0,0.0,2.0,0.0,0.0,0.0,2.0,2.0,100.0,1.0,0.4,0.4,0.0,0.0,0.0,0.0,10.0,16.0,62.5,28.0,1.0,42.9,35.9,4.0,100.0,49.3,11.0,1.0,9.1,0.0,12.8,2.0,0.0,8.0,12.0,0.0,18.0,0.0,0.0,60.0,9.0,7.0,56.3,482.0,575.0,83.8,8451.0,2629.0,215.0,235.0,91.5,205.0,234.0,87.6,46.0,77.0,59.7,2.0,1.2,1.0,9.0,33.0,11.0,1.0,45.0,533.0,42.0,12.0,1.0,4.0,18.0,17.0,8.0,0.0,2.0,1.0,0.0,13.0,56.0,662.0,64.0,184.0,333.0,152.0,26.0,662.0,23.0,12.0,52.2,8.0,34.8,395.0,2120.0,1148.0,25.0,10.0,7.0,9.0,3.0,481.0,45.0,11.0,3.0,27.3,0.18,0.67,15.8,2.0,0.0,0.0,1.3,1.3,0.12,0.7,0.7
40,2023-03-11,17:30,Premier League,Matchweek 27,Sat,Away,W,1.0,0.0,Crystal Palace,0.2,25844.0,İlkay Gündoğan,4-2-3-1,Robert Jones,Match Report,,14.0,7.0,7.0,3.0,4.0,5.0,12.0,41.7,7.0,10.0,4.0,6.0,9.0,23.0,12.0,0.0,24.0,15.0,1.0,4.0,2.0,2.0,0.0,2.0,0.0,1.0,0.0,0.0,1.0,0.0,0.0,0.0,,1.0,0.0,0.0,0.0,0.0,0.0,0.0,1.0,2.0,50.0,20.0,0.0,10.0,25.5,1.0,0.0,21.0,7.0,0.0,0.0,2.0,27.3,2.0,0.0,17.0,11.0,2.0,22.0,1.0,0.0,53.0,12.0,9.0,57.1,564.0,661.0,85.3,9657.0,2587.0,276.0,308.0,89.6,232.0,255.0,91.0,47.0,72.0,65.3,0.0,0.9,0.9,10.0,57.0,10.0,1.0,52.0,619.0,40.0,11.0,2.0,2.0,22.0,21.0,6.0,1.0,2.0,2.0,2.0,13.0,67.0,754.0,38.0,143.0,364.0,250.0,34.0,753.0,26.0,14.0,53.8,7.0,26.9,475.0,2837.0,1758.0,21.0,25.0,4.0,13.0,4.0,559.0,52.0,13.0,3.0,23.1,0.0,0.0,19.0,1.0,1.0,1.0,2.1,1.3,0.1,-1.1,-1.3
41,2023-03-14,20:00,Champions Lg,Round of 16,Tue,Home,W,7.0,0.0,de RB Leipzig,0.6,52038.0,İlkay Gündoğan,3-2-4-1,Slavko Vinčič,Match Report,Leg 2 of 2; Manchester City won,8.0,5.0,1.0,5.0,2.0,5.0,14.0,35.7,9.0,6.0,0.0,6.0,6.0,14.0,3.0,1.0,38.0,24.0,6.0,1.0,6.0,1.0,0.0,9.0,4.0,0.0,0.0,5.0,0.0,0.0,1.0,1.0,100.0,1.0,0.0,0.0,0.0,0.0,0.0,0.0,5.0,7.0,71.4,33.0,3.0,18.2,25.9,3.0,33.3,29.7,3.0,0.0,0.0,3.0,25.8,2.0,0.0,10.0,5.0,1.0,28.0,0.0,0.0,52.0,13.0,4.0,76.5,618.0,696.0,88.8,10945.0,3402.0,266.0,284.0,93.7,274.0,291.0,94.2,62.0,86.0,72.1,2.0,1.8,1.8,16.0,36.0,12.0,5.0,48.0,656.0,39.0,8.0,4.0,4.0,28.0,17.0,10.0,3.0,3.0,1.0,1.0,9.0,66.0,775.0,47.0,210.0,379.0,189.0,34.0,774.0,33.0,25.0,75.8,7.0,21.2,479.0,2128.0,1101.0,19.0,16.0,5.0,10.0,7.0,612.0,47.0,22.0,14.0,63.6,0.27,0.43,13.1,0.0,1.0,1.0,4.2,3.4,0.17,2.8,2.6
42,2023-03-18,17:45,FA Cup,Quarter-finals,Sat,Home,W,6.0,0.0,Burnley,,51688.0,Kevin De Bruyne,3-2-4-1,John Brooks,Match Report,,,12.0,,,,,,,,,,,11.0,0.0,,,,,,,,,,,,,,,,,3.0,3.0,100.0,1.0,,,0.0,0.0,0.0,0.0,,,,,,,,,,,,,,,,0.0,0.0,9.0,10.0,0.0,9.0,,,,,,,,,,,,,,,,,,,,,4.0,,,,,,,,,,,,,9.0,,,,,,,,58.0,,,,,,,,,,,,,,,,,,,,,,,20.0,10.0,50.0,0.3,0.6,,,0.0,0.0,,,,,
43,2023-04-01,12:30,Premier League,Matchweek 29,Sat,Home,W,4.0,1.0,Liverpool,0.3,52877.0,İlkay Gündoğan,3-2-4-1,Simon Hooper,Match Report,,7.0,0.0,2.0,4.0,1.0,0.0,10.0,0.0,10.0,9.0,3.0,6.0,4.0,11.0,11.0,0.0,32.0,27.0,1.0,1.0,1.0,1.0,1.0,7.0,6.0,0.0,0.0,1.0,0.0,0.0,1.0,0.0,0.0,0.0,0.6,-0.4,0.0,0.0,0.0,0.0,3.0,6.0,50.0,34.0,4.0,17.6,27.4,2.0,0.0,14.0,8.0,0.0,0.0,0.0,,1.0,0.0,9.0,12.0,3.0,15.0,0.0,0.0,40.0,1.0,7.0,12.5,712.0,791.0,90.0,12038.0,3432.0,345.0,369.0,93.5,306.0,329.0,93.0,50.0,67.0,74.6,3.0,2.6,1.7,15.0,45.0,14.0,1.0,58.0,746.0,42.0,16.0,4.0,7.0,15.0,15.0,7.0,3.0,2.0,0.0,3.0,6.0,68.0,868.0,67.0,244.0,393.0,233.0,42.0,868.0,20.0,12.0,60.0,4.0,20.0,538.0,2834.0,1423.0,24.0,14.0,11.0,9.0,8.0,708.0,57.0,17.0,8.0,47.1,0.24,0.5,14.5,1.0,0.0,0.0,2.9,2.9,0.17,1.1,1.1
44,2023-04-08,17:30,Premier League,Matchweek 30,Sat,Away,W,4.0,1.0,Southampton,0.4,30963.0,İlkay Gündoğan,3-2-4-1,Robert Jones,Match Report,,9.0,7.0,6.0,3.0,0.0,6.0,19.0,31.6,13.0,8.0,1.0,7.0,6.0,15.0,4.0,0.0,25.0,21.0,2.0,0.0,1.0,1.0,0.0,7.0,5.0,0.0,0.0,1.0,1.0,0.0,1.0,0.0,0.0,0.0,0.5,-0.5,0.0,0.0,0.0,0.0,2.0,7.0,28.6,42.0,4.0,16.7,28.4,5.0,0.0,21.4,5.0,0.0,0.0,0.0,16.5,2.0,0.0,10.0,6.0,2.0,21.0,1.0,0.0,45.0,13.0,7.0,65.0,675.0,777.0,86.9,11478.0,3536.0,308.0,342.0,90.1,306.0,330.0,92.7,47.0,71.0,66.2,2.0,1.6,1.6,9.0,40.0,12.0,1.0,52.0,735.0,40.0,5.0,4.0,2.0,21.0,18.0,10.0,7.0,0.0,0.0,2.0,16.0,73.0,833.0,65.0,244.0,432.0,161.0,30.0,832.0,13.0,8.0,61.5,4.0,30.8,521.0,2691.0,1294.0,20.0,18.0,7.0,8.0,7.0,666.0,52.0,12.0,7.0,58.3,0.25,0.43,13.2,0.0,1.0,1.0,2.9,2.1,0.18,1.1,0.9
45,2023-04-11,20:00,Champions Lg,Quarter-finals,Tue,Home,W,3.0,0.0,de Bayern Munich,0.9,52257.0,İlkay Gündoğan,3-2-4-1,Jesús Gil,Match Report,Leg 1 of 2,29.0,16.0,11.0,8.0,10.0,16.0,30.0,53.3,14.0,11.0,5.0,6.0,6.0,35.0,18.0,0.0,29.0,26.0,1.0,1.0,1.0,0.0,0.0,6.0,5.0,0.0,1.0,0.0,0.0,0.0,4.0,4.0,100.0,1.0,0.4,0.4,0.0,0.0,0.0,0.0,1.0,8.0,12.5,24.0,3.0,25.0,33.6,3.0,66.7,46.0,10.0,1.0,10.0,2.0,10.8,1.0,0.0,11.0,8.0,0.0,20.0,0.0,0.0,63.0,11.0,12.0,47.8,373.0,468.0,79.7,6756.0,2045.0,162.0,180.0,90.0,169.0,195.0,86.7,38.0,66.0,57.6,3.0,1.4,1.7,14.0,24.0,10.0,5.0,33.0,429.0,39.0,9.0,1.0,5.0,20.0,18.0,8.0,1.0,5.0,0.0,0.0,17.0,44.0,578.0,74.0,206.0,190.0,191.0,36.0,578.0,18.0,9.0,50.0,4.0,22.2,336.0,1852.0,864.0,17.0,12.0,3.0,11.0,6.0,369.0,31.0,17.0,9.0,52.9,0.18,0.33,14.5,0.0,0.0,0.0,1.8,1.8,0.11,1.2,1.2
46,2023-04-15,17:30,Premier League,Matchweek 31,Sat,Home,W,3.0,1.0,Leicester City,2.3,53329.0,Kevin De Bruyne,3-2-4-1,Darren England,Match Report,,11.0,6.0,4.0,4.0,3.0,5.0,15.0,33.3,10.0,9.0,3.0,6.0,1.0,12.0,9.0,1.0,21.0,14.0,2.0,1.0,4.0,0.0,0.0,5.0,3.0,0.0,1.0,1.0,0.0,0.0,4.0,3.0,75.0,0.0,2.2,1.2,0.0,0.0,0.0,0.0,4.0,6.0,66.7,32.0,4.0,18.8,28.3,5.0,0.0,16.2,6.0,0.0,0.0,0.0,16.0,1.0,0.0,8.0,7.0,0.0,23.0,0.0,0.0,35.0,7.0,15.0,31.8,719.0,799.0,90.0,12613.0,3019.0,341.0,364.0,93.7,299.0,324.0,92.3,71.0,92.0,77.2,2.0,1.1,0.4,8.0,57.0,6.0,2.0,58.0,758.0,41.0,10.0,0.0,4.0,23.0,18.0,6.0,2.0,1.0,0.0,0.0,6.0,70.0,868.0,54.0,187.0,425.0,261.0,23.0,867.0,21.0,13.0,61.9,5.0,23.8,578.0,3337.0,1851.0,29.0,18.0,7.0,11.0,5.0,712.0,57.0,11.0,3.0,27.3,0.18,0.67,17.8,0.0,1.0,1.0,1.6,1.2,0.12,1.4,0.8
47,2023-04-19,21:00,Champions Lg,Quarter-finals,Wed,Away,D,1.0,1.0,de Bayern Munich,2.2,75000.0,İlkay Gündoğan,3-2-4-1,Clément Turpin,Match Report,Leg 2 of 2; Manchester City won,13.0,10.0,5.0,7.0,1.0,9.0,25.0,36.0,16.0,11.0,3.0,8.0,7.0,20.0,18.0,0.0,13.0,8.0,0.0,4.0,1.0,0.0,0.0,2.0,1.0,0.0,1.0,0.0,0.0,0.0,6.0,5.0,100.0,0.0,1.7,0.7,1.0,1.0,0.0,0.0,6.0,15.0,40.0,32.0,10.0,34.4,33.1,7.0,57.1,45.6,15.0,1.0,6.7,0.0,13.0,4.0,0.0,11.0,11.0,2.0,6.0,0.0,1.0,48.0,10.0,3.0,76.9,355.0,421.0,84.3,6762.0,2345.0,150.0,166.0,90.4,157.0,170.0,92.4,45.0,63.0,71.4,1.0,0.6,0.2,6.0,25.0,4.0,0.0,38.0,386.0,33.0,13.0,0.0,6.0,6.0,9.0,2.0,0.0,1.0,0.0,2.0,10.0,42.0,517.0,74.0,190.0,223.0,109.0,10.0,516.0,23.0,15.0,65.2,6.0,26.1,313.0,1657.0,955.0,17.0,8.0,3.0,11.0,9.0,351.0,38.0,6.0,2.0,33.3,0.17,0.5,21.0,0.0,0.0,1.0,1.3,0.6,0.09,-0.3,0.4
48,2023-04-22,16:45,FA Cup,Semi-finals,Sat,Neutral,W,3.0,0.0,Sheffield Utd,,69603.0,İlkay Gündoğan,3-4-3◆,Stuart Attwell,Match Report,,,9.0,,,,,,,,,,,4.0,0.0,,,,,,,,,,,,,,,,,1.0,1.0,100.0,1.0,,,0.0,0.0,0.0,0.0,,,,,,,,,,,,,,,,0.0,0.0,5.0,15.0,2.0,22.0,,,,,,,,,,,,,,,,,,,,,1.0,,,,,,,,,,,,,22.0,,,,,,,,79.0,,,,,,,,,,,,,,,,,,,,,,,14.0,4.0,28.6,0.14,0.5,,,1.0,1.0,,,,,
49,2023-04-26,20:00,Premier League,Matchweek 33,Wed,Home,W,4.0,1.0,Arsenal,0.5,53482.0,İlkay Gündoğan,4-3-3,Michael Oliver,Match Report,,11.0,8.0,7.0,4.0,0.0,3.0,12.0,25.0,9.0,7.0,2.0,5.0,9.0,20.0,8.0,0.0,24.0,16.0,2.0,4.0,1.0,1.0,0.0,7.0,5.0,1.0,0.0,0.0,1.0,0.0,2.0,1.0,50.0,0.0,0.2,-0.8,0.0,0.0,0.0,0.0,11.0,16.0,68.8,44.0,2.0,27.3,29.5,5.0,80.0,48.6,6.0,0.0,0.0,0.0,10.0,3.0,0.0,13.0,13.0,0.0,5.0,0.0,0.0,42.0,15.0,12.0,55.6,436.0,516.0,84.5,7699.0,2600.0,196.0,209.0,93.8,189.0,218.0,86.7,42.0,68.0,61.8,4.0,2.5,1.0,13.0,18.0,7.0,0.0,34.0,477.0,39.0,14.0,5.0,2.0,5.0,13.0,1.0,0.0,0.0,1.0,0.0,7.0,52.0,590.0,74.0,236.0,260.0,99.0,21.0,590.0,14.0,7.0,50.0,4.0,28.6,329.0,1853.0,1013.0,24.0,12.0,5.0,12.0,6.0,424.0,33.0,14.0,9.0,64.3,0.29,0.44,15.9,0.0,0.0,0.0,2.5,2.5,0.18,1.5,1.5
50,2023-04-30,14:00,Premier League,Matchweek 34,Sun,Away,W,2.0,1.0,Fulham,0.2,24498.0,İlkay Gündoğan,3-2-4-1,Simon Hooper,Match Report,,14.0,10.0,5.0,7.0,2.0,3.0,9.0,33.3,6.0,9.0,2.0,7.0,5.0,19.0,15.0,0.0,23.0,15.0,1.0,2.0,2.0,1.0,2.0,4.0,2.0,0.0,1.0,0.0,1.0,0.0,1.0,0.0,0.0,0.0,0.7,-0.3,0.0,0.0,0.0,0.0,4.0,10.0,40.0,26.0,1.0,30.8,31.7,3.0,66.7,41.0,10.0,0.0,0.0,1.0,20.0,3.0,0.0,10.0,8.0,1.0,11.0,1.0,0.0,54.0,16.0,15.0,51.6,587.0,683.0,85.9,10558.0,3102.0,301.0,325.0,92.6,212.0,235.0,90.2,70.0,97.0,72.2,1.0,1.1,1.5,9.0,42.0,10.0,2.0,44.0,638.0,44.0,11.0,2.0,11.0,11.0,23.0,5.0,3.0,0.0,0.0,1.0,14.0,62.0,784.0,51.0,186.0,423.0,178.0,34.0,783.0,24.0,8.0,33.3,12.0,50.0,536.0,2562.0,1135.0,12.0,12.0,4.0,12.0,10.0,582.0,44.0,11.0,8.0,72.7,0.09,0.13,14.1,0.0,1.0,1.0,2.5,1.7,0.16,-0.5,-0.7
51,2023-05-03,20:00,Premier League,Matchweek 28,Wed,Home,W,3.0,0.0,West Ham,0.4,53305.0,Kyle Walker,3-2-4-1,John Brooks,Match Report,,16.0,9.0,3.0,8.0,5.0,9.0,15.0,60.0,6.0,7.0,1.0,6.0,5.0,21.0,12.0,0.0,30.0,22.0,3.0,1.0,1.0,2.0,1.0,6.0,4.0,1.0,0.0,0.0,1.0,0.0,2.0,2.0,100.0,1.0,0.5,0.5,0.0,0.0,0.0,0.0,1.0,4.0,25.0,45.0,4.0,8.9,19.9,2.0,0.0,12.5,8.0,1.0,12.5,3.0,20.2,0.0,0.0,8.0,8.0,1.0,25.0,0.0,0.0,55.0,10.0,14.0,41.7,679.0,769.0,88.3,11138.0,3003.0,313.0,337.0,92.9,314.0,340.0,92.4,39.0,66.0,59.1,2.0,2.1,1.9,12.0,51.0,14.0,0.0,62.0,735.0,33.0,8.0,4.0,1.0,25.0,16.0,6.0,1.0,4.0,1.0,1.0,9.0,69.0,853.0,60.0,206.0,400.0,251.0,35.0,853.0,17.0,9.0,52.9,4.0,23.5,500.0,3083.0,1775.0,37.0,33.0,7.0,11.0,8.0,669.0,61.0,16.0,7.0,43.8,0.19,0.43,16.3,0.0,0.0,0.0,2.3,2.3,0.14,0.7,0.7
52,2023-05-06,15:00,Premier League,Matchweek 35,Sat,Home,W,2.0,1.0,Leeds United,0.2,53406.0,İlkay Gündoğan,3-2-4-1,Andy Madley,Match Report,,7.0,5.0,2.0,4.0,1.0,2.0,3.0,66.7,1.0,9.0,1.0,8.0,5.0,12.0,8.0,0.0,36.0,23.0,4.0,4.0,1.0,4.0,0.0,4.0,3.0,0.0,1.0,0.0,0.0,0.0,2.0,1.0,50.0,0.0,0.4,-0.6,0.0,0.0,0.0,0.0,2.0,5.0,40.0,27.0,6.0,14.8,23.9,4.0,25.0,22.5,6.0,0.0,0.0,0.0,15.3,0.0,0.0,3.0,15.0,4.0,22.0,1.0,0.0,60.0,13.0,12.0,52.0,817.0,917.0,89.1,13140.0,3779.0,402.0,426.0,94.4,359.0,395.0,90.9,44.0,67.0,65.7,2.0,1.4,2.0,12.0,92.0,14.0,1.0,79.0,870.0,43.0,15.0,6.0,2.0,22.0,12.0,10.0,0.0,3.0,1.0,4.0,12.0,80.0,994.0,45.0,179.0,520.0,297.0,35.0,993.0,18.0,14.0,77.8,2.0,11.1,710.0,3082.0,1681.0,23.0,19.0,9.0,17.0,8.0,809.0,79.0,17.0,6.0,35.3,0.12,0.33,18.7,2.0,0.0,1.0,2.6,1.8,0.1,-0.6,0.2
53,2023-05-09,21:00,Champions Lg,Semi-finals,Tue,Away,D,1.0,1.0,es Real Madrid,0.6,,İlkay Gündoğan,3-2-4-1,Artur Dias,Match Report,Leg 1 of 2,17.0,13.0,8.0,6.0,3.0,14.0,22.0,63.6,8.0,14.0,8.0,6.0,5.0,22.0,12.0,0.0,20.0,20.0,0.0,0.0,0.0,0.0,0.0,2.0,2.0,0.0,0.0,0.0,0.0,0.0,3.0,2.0,66.7,0.0,0.5,-0.5,0.0,0.0,0.0,0.0,1.0,4.0,25.0,21.0,5.0,14.3,28.5,3.0,33.3,45.0,9.0,0.0,0.0,0.0,13.3,2.0,0.0,11.0,10.0,2.0,14.0,0.0,0.0,43.0,8.0,3.0,72.7,527.0,598.0,88.1,9109.0,2476.0,264.0,284.0,93.0,209.0,228.0,91.7,49.0,67.0,73.1,1.0,0.5,0.7,9.0,32.0,7.0,1.0,37.0,562.0,34.0,11.0,0.0,6.0,14.0,11.0,7.0,0.0,2.0,2.0,2.0,5.0,56.0,686.0,58.0,193.0,292.0,204.0,19.0,686.0,10.0,8.0,80.0,2.0,20.0,440.0,2405.0,1323.0,24.0,29.0,4.0,7.0,12.0,519.0,37.0,10.0,6.0,60.0,0.1,0.17,21.4,0.0,0.0,0.0,0.6,0.6,0.06,0.4,0.4
54,2023-05-14,14:00,Premier League,Matchweek 36,Sun,Away,,,,Everton,,,,,,Head-to-Head,,,,,,,,,,,,,,,,,,,,,,,,,,,,,,,,,,,,,,,,,,,,,,,,,,,,,,,,,,,,,,,,,,,,,,,,,,,,,,,,,,,,,,,,,,,,,,,,,,,,,,,,,,,,,,,,,,,,,,,,,,,,,,,,,,,,,,,,,,,,
55,2023-05-17,20:00,Champions Lg,Semi-finals,Wed,Home,,,,es Real Madrid,,,,,,Head-to-Head,Leg 2 of 2; Real Madrid 1:1 Manchester City,,,,,,,,,,,,,,,,,,,,,,,,,,,,,,,,,,,,,,,,,,,,,,,,,,,,,,,,,,,,,,,,,,,,,,,,,,,,,,,,,,,,,,,,,,,,,,,,,,,,,,,,,,,,,,,,,,,,,,,,,,,,,,,,,,,,,,,,,,,
56,2023-05-21,16:00,Premier League,Matchweek 37,Sun,Home,,,,Chelsea,,,,,,Head-to-Head,,,,,,,,,,,,,,,,,,,,,,,,,,,,,,,,,,,,,,,,,,,,,,,,,,,,,,,,,,,,,,,,,,,,,,,,,,,,,,,,,,,,,,,,,,,,,,,,,,,,,,,,,,,,,,,,,,,,,,,,,,,,,,,,,,,,,,,,,,,,
57,2023-05-24,20:00,Premier League,Matchweek 32,Wed,Away,,,,Brighton,,,,,,Head-to-Head,,,,,,,,,,,,,,,,,,,,,,,,,,,,,,,,,,,,,,,,,,,,,,,,,,,,,,,,,,,,,,,,,,,,,,,,,,,,,,,,,,,,,,,,,,,,,,,,,,,,,,,,,,,,,,,,,,,,,,,,,,,,,,,,,,,,,,,,,,,,
58,2023-05-28,16:30,Premier League,Matchweek 38,Sun,Away,,,,Brentford,,,,,,Head-to-Head,,,,,,,,,,,,,,,,,,,,,,,,,,,,,,,,,,,,,,,,,,,,,,,,,,,,,,,,,,,,,,,,,,,,,,,,,,,,,,,,,,,,,,,,,,,,,,,,,,,,,,,,,,,,,,,,,,,,,,,,,,,,,,,,,,,,,,,,,,,,
59,2023-06-03,15:00,FA Cup,Final,Sat,Home,,,,Manchester Utd,,,,,,Head-to-Head,,,,,,,,,,,,,,,,,,,,,,,,,,,,,,,,,,,,,,,,,,,,,,,,,,,,,,,,,,,,,,,,,,,,,,,,,,,,,,,,,,,,,,,,,,,,,,,,,,,,,,,,,,,,,,,,,,,,,,,,,,,,,,,,,,,,,,,,,,,,
